iter	Logloss
0	0.6785682373
1	0.6713427734
2	0.6636177979
3	0.6525720215
4	0.6428807373
5	0.6304821777
6	0.6221544189
7	0.6157145996
8	0.6073629761
9	0.5981640625
